use fudanlms;

insert into users values
    ('10000000000','8c6976e5b5410415bde908bd4dee15dfb167a9c873fc4bb8a81f6f2ab448a918',0),
    ('18307130090','6077bcd15894379cd66224eb4053d033416d6e931edfb5bd21d3338536beb18b',1),
    ('18307130012','5e884898da28047151d0e56f8dc6292773603d0d6aabbdd62a11ef721d1542d8',2),
    ('20000000000','84983c60f7daadc1cb8698621f802c0d9f9a3c3c295c810748fb048115c186ec',3),
    ('18307120090','8d969eef6ecad3c29a3a629280e686cf0c3f5d5a86aff3ca12020c923adc6c92',1),
    ('18307110090','8d969eef6ecad3c29a3a629280e686cf0c3f5d5a86aff3ca12020c923adc6c92',1);

insert into books values
    ('9787535492821','DaoYuDuBai','Jiang Xun'),
    ('9787549550166','YeHuoJi','Long Yingtai'),
    ('9787567748996','1984','George_Orwell'),
    ('9787567748997','1984','George_Orwell'),
    ('9787567743908','Animal_Farm','George_Orwell'),
    ('9787208061644','追风筝的人','卡勒德·胡赛尼'),
    ('9787208060625','追风筝的人','卡勒德.胡赛尼'),
    ('0000298472347','删除测试','删除');

insert into borrec values
    ('18307130090','9787567748997','2020-05-12 17:30:00','2020-06-11 17:30:00',0),
    ('18307130090','9787208061644','2020-05-11 16:18:37','2020-07-01 16:18:37',3),
    ('10000000000','9787567748996','1970-01-01 00:00:00','2038-01-19 03:14:08',5),
    ('18307130012','9787535492821','2019-12-31 23:59:59','2020-01-30 23:59:59',0),
    ('18307130012','9787549550166','2020-01-01 00:00:00','2019-02-14 00:00:00',2),
    ('18307130012','9787567748996','2018-06-12 18:00:00','2018-07-12 18:00:00',0),
    ('18307130012','9787567743908','2020-01-22 10:00:00','2020-04-08 00:00:00',2);
